item_id,average_pct_change_2024
916,3.015151515151515
1823,2.614306526806527
813,2.541666666666667
534,2.1581632653061225
1556,2.077777777777778
240,2.0
208,2.0
1327,2.0
1814,2.0
710,2.0
