item_id,average_pct_change_2020
1797,2.9189891556160843
1795,2.6221066398713457
1796,2.4914038622461963
1790,2.071821008073671
28,2.0
1852,1.9853223165723166
1755,1.7750000000000001
1794,1.645180010106726
114,1.638888888888889
1801,1.620441894794575
