item_id,average_pct_change_2021
1795,2.980323206560717
1318,2.9166666666666665
1852,2.2669832061877515
1796,2.0316430750621928
1645,2.0
1460,2.0
7,1.7
1797,1.6535805488727162
625,1.6481481481481484
1629,1.6133333333333333
